round,test_loss,test_accuracy,effective_clients,dropout_clients
0,2.3017894854827854,0.124,0,0
1,2.2979872821052756,0.124,5,0
2,2.293892669047875,0.198,5,0
3,2.2912182893730306,0.224,4,1
4,2.286817172039178,0.23,5,0
5,2.2800948266454286,0.224,5,0
6,2.2701885119991094,0.214,5,0
7,2.252909403208987,0.254,5,0
8,2.2225723751456528,0.234,5,0
9,2.1625871862779427,0.182,5,0
10,2.0529788825368693,0.292,5,0
