round,test_loss,test_accuracy,effective_clients,dropout_clients
0,2.3017894854827854,0.124,0,0
1,2.3006296865960403,0.124,5,0
2,2.2991689767014933,0.124,5,0
3,2.298205542686587,0.124,4,1
4,2.296519151996974,0.124,5,0
5,2.2953226477871076,0.13,5,0
